{
  "run": "efficientnet_b0_tl_1754965404",
  "backbone": "efficientnet_b0",
  "split": "test",
  "clean_acc": 0.7054263565891473,
  "corruptions": {
    "brightness": {
      "1": {
        "param": 0.8,
        "accuracy": 0.6945736434108527,
        "delta": -0.010852713178294615
      },
      "2": {
        "param": 0.6,
        "accuracy": 0.6992248062015504,
        "delta": -0.006201550387596955
      },
      "3": {
        "param": 0.4,
        "accuracy": 0.6682170542635659,
        "delta": -0.037209302325581395
      }
    },
    "blur": {
      "1": {
        "param": 1.0,
        "accuracy": 0.6961240310077519,
        "delta": -0.009302325581395432
      },
      "2": {
        "param": 1.5,
        "accuracy": 0.6914728682170542,
        "delta": -0.013953488372093092
      },
      "3": {
        "param": 2.0,
        "accuracy": 0.6837209302325581,
        "delta": -0.02170542635658923
      }
    },
    "rotation": {
      "1": {
        "param": 10,
        "accuracy": 0.6775193798449612,
        "delta": -0.027906976744186074
      },
      "2": {
        "param": 20,
        "accuracy": 0.6434108527131783,
        "delta": -0.06201550387596899
      },
      "3": {
        "param": 30,
        "accuracy": 0.5922480620155038,
        "delta": -0.11317829457364348
      }
    },
    "noise": {
      "1": {
        "param": 0.03,
        "accuracy": 0.05426356589147287,
        "delta": -0.6511627906976745
      },
      "2": {
        "param": 0.06,
        "accuracy": 0.027906976744186046,
        "delta": -0.6775193798449612
      },
      "3": {
        "param": 0.1,
        "accuracy": 0.031007751937984496,
        "delta": -0.6744186046511629
      }
    }
  }
}